
--Project 4

--Create and Alter Tables

--Carlos Ribadeneira 

--Construction Company

CREATE TABLE ASSIGNMENT (
ASSIGN_NUM int,
ASSIGN_DATE datetime,
PROJ_NUM varchar(3),
EMP_NUM varchar(3),
ASSIGN_JOB varchar(3),
ASSIGN_CHG_HR float(8),
ASSIGN_HOURS float(8),
ASSIGN_CHARGE float(8)
);
INSERT INTO ASSIGNMENT VALUES('1001','3/22/2014','18','103','503','84.5','3.5','295.75');
INSERT INTO ASSIGNMENT VALUES('1002','3/22/2014','22','117','509','34.55','4.2','145.11');
INSERT INTO ASSIGNMENT VALUES('1003','3/22/2014','18','117','509','34.55','2','69.10');
INSERT INTO ASSIGNMENT VALUES('1004','3/22/2014','18','103','503','84.5','5.9','498.55');
INSERT INTO ASSIGNMENT VALUES('1005','3/22/2014','25','108','501','96.75','2.2','212.85');
INSERT INTO ASSIGNMENT VALUES('1006','3/22/2014','22','104','501','96.75','4.2','406.35');
INSERT INTO ASSIGNMENT VALUES('1007','3/22/2014','25','113','508','50.75','3.8','192.85');
INSERT INTO ASSIGNMENT VALUES('1008','3/22/2014','18','103','503','84.5','0.9','76.05');
INSERT INTO ASSIGNMENT VALUES('1009','3/23/2014','15','115','501','96.75','5.6','541.80');
INSERT INTO ASSIGNMENT VALUES('1010','3/23/2014','15','117','509','34.55','2.4','82.92');
INSERT INTO ASSIGNMENT VALUES('1011','3/23/2014','25','105','502','105','4.3','451.5');
INSERT INTO ASSIGNMENT VALUES('1012','3/23/2014','18','108','501','96.75','3.4','328.95');
INSERT INTO ASSIGNMENT VALUES('1013','3/23/2014','25','115','501','96.75','2','193.5');
INSERT INTO ASSIGNMENT VALUES('1014','3/23/2014','22','104','501','96.75','2.8','270.9');
INSERT INTO ASSIGNMENT VALUES('1015','3/23/2014','15','103','503','84.5','6.1','515.45');
INSERT INTO ASSIGNMENT VALUES('1016','3/23/2014','22','105','502','105','4.7','493.5');
INSERT INTO ASSIGNMENT VALUES('1017','3/23/2014','18','117','509','34.55','3.8','131.29');
INSERT INTO ASSIGNMENT VALUES('1018','3/23/2014','25','117','509','34.55','2.2','76.01');
INSERT INTO ASSIGNMENT VALUES('1019','3/24/2014','25','104','501','110.5','4.9','541.45');
INSERT INTO ASSIGNMENT VALUES('1020','3/24/2014','15','101','502','125','3.1','387.5');
INSERT INTO ASSIGNMENT VALUES('1021','3/24/2014','22','108','501','110.5','2.7','298.35');
INSERT INTO ASSIGNMENT VALUES('1022','3/24/2014','22','115','501','110.5','4.9','541.45');
INSERT INTO ASSIGNMENT VALUES('1023','3/24/2014','22','105','502','125','3.5','437.5');
INSERT INTO ASSIGNMENT VALUES('1024','3/24/2014','15','103','503','84.5','3.3','278.85');
INSERT INTO ASSIGNMENT VALUES('1025','3/24/2014','18','117','509','34.55','4.2','145.11');

/* -- */


/* -- */

CREATE TABLE EMPLOYEE (
EMP_NUM varchar(3),
EMP_LNAME varchar(15),
EMP_FNAME varchar(15),
EMP_INITIAL varchar(1),
EMP_HIREDATE datetime,
JOB_CODE varchar(3),
EMP_YEARS int
);
INSERT INTO EMPLOYEE VALUES('101','News','John','G','11/8/2000','502','4');
INSERT INTO EMPLOYEE VALUES('102','Senior','David','H','7/12/1989','501','15');
INSERT INTO EMPLOYEE VALUES('103','Arbough','June','E','12/1/1996','503','8');
INSERT INTO EMPLOYEE VALUES('104','Ramoras','Anne','K','11/15/1987','501','17');
INSERT INTO EMPLOYEE VALUES('105','Johnson','Alice','K','2/1/1993','502','12');
INSERT INTO EMPLOYEE VALUES('106','Smithfield','William','','6/22/2004','500','0');
INSERT INTO EMPLOYEE VALUES('107','Alonzo','Maria','D','10/10/1993','500','11');
INSERT INTO EMPLOYEE VALUES('108','Washington','Ralph','B','8/22/1991','501','13');
INSERT INTO EMPLOYEE VALUES('109','Smith','Larry','W','7/18/1997','501','7');
INSERT INTO EMPLOYEE VALUES('110','Olenko','Gerald','A','12/11/1995','505','9');
INSERT INTO EMPLOYEE VALUES('111','Wabash','Geoff','B','4/4/1991','506','14');
INSERT INTO EMPLOYEE VALUES('112','Smithson','Darlene','M','10/23/1994','507','10');
INSERT INTO EMPLOYEE VALUES('113','Joenbrood','Delbert','K','11/15/1996','508','8');
INSERT INTO EMPLOYEE VALUES('114','Jones','Annelise','','8/20/1993','508','11');
INSERT INTO EMPLOYEE VALUES('115','Bawangi','Travis','B','1/25/1992','501','13');
INSERT INTO EMPLOYEE VALUES('116','Pratt','Gerald','L','3/5/1997','510','8');
INSERT INTO EMPLOYEE VALUES('117','Williamson','Angie','H','6/19/1996','509','8');
INSERT INTO EMPLOYEE VALUES('118','Frommer','James','J','1/4/2005','510','0');

/* -- */

CREATE TABLE JOB (
JOB_CODE varchar(3),
JOB_DESCRIPTION varchar(25),
JOB_CHG_HOUR float(8),
JOB_LAST_UPDATE datetime
);
INSERT INTO JOB VALUES('500','Programmer','35.75','11/20/2013');
INSERT INTO JOB VALUES('501','Systems Analyst','96.75','11/20/2013');
INSERT INTO JOB VALUES('502','Database Designer','125','3/24/2014');
INSERT INTO JOB VALUES('503','Electrical Engineer','84.5','11/20/2013');
INSERT INTO JOB VALUES('504','Mechanical Engineer','67.9','11/20/2013');
INSERT INTO JOB VALUES('505','Civil Engineer','55.78','11/20/2013');
INSERT INTO JOB VALUES('506','Clerical Support','26.87','11/20/2013');
INSERT INTO JOB VALUES('507','DSS Analyst','45.95','11/20/2013');
INSERT INTO JOB VALUES('508','Applications Designer','48.1','3/24/2014');
INSERT INTO JOB VALUES('509','Bio Technician','34.55','11/20/2013');
INSERT INTO JOB VALUES('510','General Support','18.36','11/20/2013');

/* -- */

CREATE TABLE PROJECT (
PROJ_NUM varchar(3),
PROJ_NAME varchar(25),
PROJ_VALUE float(8),
PROJ_BALANCE float(8),
EMP_NUM varchar(3)
);
INSERT INTO PROJECT VALUES('15','Evergreen','1453500','1002350','103');
INSERT INTO PROJECT VALUES('18','Amber Wave','3500500','2110346','108');
INSERT INTO PROJECT VALUES('22','Rolling Tide','805000','500345.2','102');
INSERT INTO PROJECT VALUES('25','Starflight','2650500','2309880','107');

--ASSIGNMENT 6

--Q1

ALTER TABLE JOB 
ALTER COLUMN JOB_CODE varchar(3) NOT NULL 

ALTER TABLE JOB
ADD PRIMARY KEY(JOB_CODE)


CREATE TABLE EMP_1 (
EMP_NUM VARCHAR(3)		NOT NULL	UNIQUE, 
EMP_LNAME VARCHAR(15)	NOT NULL, 
EMP_FNAME VARCHAR(15)	NOT NULL, 
EMP_INITIAL CHAR(1),
EMP_HIREDATE DATE,
JOB_CODE VARCHAR(3), 
PRIMARY KEY(EMP_NUM), 
FOREIGN KEY(JOB_CODE) REFERENCES JOB ON UPDATE CASCADE);

--Q2
INSERT INTO EMP_1 VALUES ('101', 'News', 'John', 'G', '08-Nov-00', '502');
INSERT INTO EMP_1 VALUES ('102', 'Senior', 'David', 'H', '12-Jul-89', '501');

--Q3
INSERT INTO EMP_1	(EMP_NUM, EMP_LNAME, EMP_FNAME, EMP_INITIAL, EMP_HIREDATE, JOB_CODE)
SELECT	EMP_NUM, EMP_LNAME, EMP_FNAME, EMP_INITIAL, EMP_HIREDATE, JOB_CODE
FROM	EMPLOYEE 
WHERE EMP_NUM BETWEEN 103 and 109

--Q4 (N/A)

--Q5
UPDATE	EMP_1
SET		JOB_CODE = '501'
WHERE	EMP_NUM = 107

--Q6
DELETE FROM EMP_1
WHERE	EMP_FNAME = 'WILLIAM' AND EMP_LNAME = 'SMITHFIELD' AND EMP_HIREDATE = '2004-06-22' AND JOB_CODE = '500' 

--Q7
CREATE TABLE EMP_2 (
EMP_NUM VARCHAR(3)		NOT NULL	UNIQUE, 
EMP_LNAME VARCHAR(15)	NOT NULL, 
EMP_FNAME VARCHAR(15)	NOT NULL, 
EMP_INITIAL CHAR(1),
EMP_HIREDATE DATE,
JOB_CODE VARCHAR(3), 
PRIMARY KEY(EMP_NUM), 
FOREIGN KEY(JOB_CODE) REFERENCES JOB ON UPDATE CASCADE);

INSERT INTO EMP_2
SELECT	*
FROM	EMP_1

--Q8
ALTER TABLE EMP_2
ADD EMP_PCT NUMERIC(4,2);

ALTER TABLE EMP_2
ADD	PROJ_NUM CHAR(3);

--Q9
UPDATE EMP_2 
SET EMP_PCT = 3.85
WHERE EMP_NUM = 103

--Q10
UPDATE EMP_2
SET EMP_PCT = 5.00
WHERE EMP_NUM = 101 OR EMP_NUM = 105 OR EMP_NUM = 107

--Q11
UPDATE EMP_2
SET	EMP_PCT = 10 
WHERE EMP_PCT IS NULL 

--Q12
UPDATE EMP_2
SET EMP_PCT = EMP_PCT + 0.15
WHERE EMP_LNAME = 'ALONZO' AND EMP_FNAME = 'MARIA' AND EMP_INITIAL = 'D'

--Q13
UPDATE EMP_2
SET PROJ_NUM = 18
WHERE JOB_CODE = 500

--Q14
UPDATE EMP_2
SET PROJ_NUM = 25
WHERE JOB_CODE >=502

--Q15
UPDATE EMP_2
SET PROJ_NUM = 14
WHERE EMP_HIREDATE <'1994-01-1' AND JOB_CODE >= 501



